{
	"description": "项目配置文件",
	"packOptions": {
		"ignore": []
	},
	"setting": {
		"urlCheck": true,
		"es6": true,
		"postcss": true,
		"preloadBackgroundData": false,
		"minified": true,
		"newFeature": true,
		"autoAudits": false,
		"coverView": true,
		"showShadowRootInWxmlPanel": true,
		"scopeDataCheck": false
	},
	"compileType": "miniprogram",
	"libVersion": "2.9.4",
	"appid": "your appid",
	"projectname": "miniprogram-demo-center",
	"debugOptions": {
		"hidedInDevtools": []
	},
	"isGameTourist": false,
	"simulatorType": "wechat",
	"simulatorPluginLibVersion": {},
	"condition": {
		"search": {
			"current": -1,
			"list": []
		},
		"conversation": {
			"current": -1,
			"list": []
		},
		"plugin": {
			"current": -1,
			"list": []
		},
		"game": {
			"currentL": -1,
			"list": []
		},
		"gamePlugin": {
			"current": -1,
			"list": []
		},
		"miniprogram": {
			"current": -1,
			"list": [
				{
					"id": 0,
					"name": "显示地图",
					"pathName": "pages/map/show/show",
					"query": "",
					"scene": null
				},
				{
					"id": 1,
					"name": "视野控制",
					"pathName": "pages/map/view/view",
					"query": "",
					"scene": null
				},
				{
					"id": 2,
					"name": "地图控件",
					"pathName": "pages/map/control/control",
					"query": "",
					"scene": null
				},
				{
					"id": -1,
					"name": "触发事件",
					"pathName": "pages/map/event/event",
					"query": "",
					"scene": null
				},
				{
					"id": 4,
					"name": "路线规划插件",
					"pathName": "pages/plugin/route-plan/route-plan",
					"query": "",
					"scene": null
				},
				{
					"id": -1,
					"name": "首页",
					"pathName": "pages/index/index",
					"query": "",
					"scene": null
				},
				{
					"id": -1,
					"name": "标注点",
					"pathName": "pages/map/marker/marker",
					"query": "",
					"scene": null
				},
				{
					"id": 7,
					"name": "插件文档页",
					"pathName": "pages/plugin/document/document",
					"query": "type=subway",
					"scene": null
				},
				{
					"id": -1,
					"name": "地图选点插件",
					"pathName": "pages/plugin/location-picker/location-picker",
					"query": "",
					"scene": null
				},
				{
					"id": 9,
					"name": "个性化地图",
					"pathName": "pages/customized/customized-index/customized-index",
					"query": "",
					"scene": null
				},
				{
					"id": -1,
					"name": "覆盖物",
					"pathName": "pages/map/overlay/overlay",
					"scene": null
				}
			]
		}
	}
}
